iter	Logloss
0	0.5524485561
1	0.4336423165
2	0.3729368809
3	0.3513731166
4	0.3309599086
5	0.3086512538
6	0.2897035217
7	0.2730141122
8	0.2587506321
9	0.2426134382
