{"f1_score": 0.8359375, "roc_auc_score": 0.8336216285476328, "accuracy_score": 0.832, "precision_score": 0.7925925925925926, "recall_score": 0.8842975206611571, "confusion_matrix": [[101, 28], [14, 107]], "classification_report": {"0": {"precision": 0.8782608695652174, "recall": 0.7829457364341085, "f1-score": 0.8278688524590164, "support": 129.0}, "1": {"precision": 0.7925925925925926, "recall": 0.8842975206611571, "f1-score": 0.8359375, "support": 121.0}, "accuracy": 0.832, "macro avg": {"precision": 0.835426731078905, "recall": 0.8336216285476328, "f1-score": 0.8319031762295082, "support": 250.0}, "weighted avg": {"precision": 0.836797423510467, "recall": 0.832, "f1-score": 0.8317740778688525, "support": 250.0}}}