{"f1_score": 0.8793774319066148, "roc_auc_score": 0.8777948619386251, "accuracy_score": 0.876, "precision_score": 0.8308823529411765, "recall_score": 0.9338842975206612, "confusion_matrix": [[106, 23], [8, 113]], "classification_report": {"0": {"precision": 0.9298245614035088, "recall": 0.8217054263565892, "f1-score": 0.8724279835390947, "support": 129.0}, "1": {"precision": 0.8308823529411765, "recall": 0.9338842975206612, "f1-score": 0.8793774319066148, "support": 121.0}, "accuracy": 0.876, "macro avg": {"precision": 0.8803534571723426, "recall": 0.8777948619386251, "f1-score": 0.8759027077228547, "support": 250.0}, "weighted avg": {"precision": 0.88193653250774, "recall": 0.876, "f1-score": 0.8757915165489745, "support": 250.0}}}