{"f1_score": 0.8503937007874016, "roc_auc_score": 0.8493817669293356, "accuracy_score": 0.848, "precision_score": 0.8120300751879699, "recall_score": 0.8925619834710744, "confusion_matrix": [[104, 25], [13, 108]], "classification_report": {"0": {"precision": 0.8888888888888888, "recall": 0.8062015503875969, "f1-score": 0.8455284552845529, "support": 129.0}, "1": {"precision": 0.8120300751879699, "recall": 0.8925619834710744, "f1-score": 0.8503937007874016, "support": 121.0}, "accuracy": 0.848, "macro avg": {"precision": 0.8504594820384294, "recall": 0.8493817669293356, "f1-score": 0.8479610780359772, "support": 250.0}, "weighted avg": {"precision": 0.851689223057644, "recall": 0.848, "f1-score": 0.8478832341079316, "support": 250.0}}}