{"f1_score": 0.8482490272373541, "roc_auc_score": 0.8457620603497981, "accuracy_score": 0.844, "precision_score": 0.8014705882352942, "recall_score": 0.9008264462809917, "confusion_matrix": [[102, 27], [12, 109]], "classification_report": {"0": {"precision": 0.8947368421052632, "recall": 0.7906976744186046, "f1-score": 0.8395061728395061, "support": 129.0}, "1": {"precision": 0.8014705882352942, "recall": 0.9008264462809917, "f1-score": 0.8482490272373541, "support": 121.0}, "accuracy": 0.844, "macro avg": {"precision": 0.8481037151702786, "recall": 0.8457620603497982, "f1-score": 0.84387760003843, "support": 250.0}, "weighted avg": {"precision": 0.8495959752321982, "recall": 0.844, "f1-score": 0.8437377143680646, "support": 250.0}}}