{"f1_score": 0.8682170542635659, "roc_auc_score": 0.8659106925491703, "accuracy_score": 0.864, "precision_score": 0.8175182481751825, "recall_score": 0.9256198347107438, "confusion_matrix": [[104, 25], [9, 112]], "classification_report": {"0": {"precision": 0.9203539823008849, "recall": 0.8062015503875969, "f1-score": 0.859504132231405, "support": 129.0}, "1": {"precision": 0.8175182481751825, "recall": 0.9256198347107438, "f1-score": 0.8682170542635659, "support": 121.0}, "accuracy": 0.864, "macro avg": {"precision": 0.8689361152380337, "recall": 0.8659106925491704, "f1-score": 0.8638605932474854, "support": 250.0}, "weighted avg": {"precision": 0.8705814869840449, "recall": 0.864, "f1-score": 0.8637211864949709, "support": 250.0}}}