{"f1_score": 0.8392156862745098, "roc_auc_score": 0.8374975975398807, "accuracy_score": 0.836, "precision_score": 0.7985074626865671, "recall_score": 0.8842975206611571, "confusion_matrix": [[102, 27], [14, 107]], "classification_report": {"0": {"precision": 0.8793103448275862, "recall": 0.7906976744186046, "f1-score": 0.8326530612244898, "support": 129.0}, "1": {"precision": 0.7985074626865671, "recall": 0.8842975206611571, "f1-score": 0.8392156862745098, "support": 121.0}, "accuracy": 0.836, "macro avg": {"precision": 0.8389089037570767, "recall": 0.8374975975398808, "f1-score": 0.8359343737494997, "support": 250.0}, "weighted avg": {"precision": 0.840201749871333, "recall": 0.836, "f1-score": 0.8358293717486995, "support": 250.0}}}