{"f1_score": 0.8818897637795275, "roc_auc_score": 0.8814145685181626, "accuracy_score": 0.88, "precision_score": 0.8421052631578947, "recall_score": 0.9256198347107438, "confusion_matrix": [[108, 21], [9, 112]], "classification_report": {"0": {"precision": 0.9230769230769231, "recall": 0.8372093023255814, "f1-score": 0.8780487804878049, "support": 129.0}, "1": {"precision": 0.8421052631578947, "recall": 0.9256198347107438, "f1-score": 0.8818897637795275, "support": 121.0}, "accuracy": 0.88, "macro avg": {"precision": 0.8825910931174089, "recall": 0.8814145685181627, "f1-score": 0.8799692721336663, "support": 250.0}, "weighted avg": {"precision": 0.8838866396761135, "recall": 0.88, "f1-score": 0.8799078164009986, "support": 250.0}}}